s05214:1380239,chromosomeXII,22,Super-Scaffold_111,736209
s05214:1380239,chromosomeXII,22,Super-Scaffold_29,1386129
s05214:1273143,chromosomeXII,23.57,Super-Scaffold_111,601241
s05214:1273143,chromosomeXII,23.57,004969F,33493
s05214:1427095,chromosomeXII,23.57,Super-Scaffold_29,1330016
s05214:1373138,chromosomeXII,23.92,Super-Scaffold_111,729106
s05214:1373138,chromosomeXII,23.92,Super-Scaffold_29,1393247
s05214:980758,chromosomeXII,26.75,Super-Scaffold_29,1832736
s05214:1076455,chromosomeXII,27.33,Super-Scaffold_111,395923
s05214:1076455,chromosomeXII,27.33,006018F,27871
s05214:1076642,chromosomeXII,27.33,Super-Scaffold_111,396110
s05214:1076642,chromosomeXII,27.33,006018F,27684
s05214:1076643,chromosomeXII,27.33,Super-Scaffold_111,396111
s05214:1076643,chromosomeXII,27.33,006018F,27683
s05214:1081274,chromosomeXII,27.33,006018F,23050
s05214:1081652,chromosomeXII,27.33,006018F,22672
s05214:1081656,chromosomeXII,27.33,006018F,22668
s05214:1081665,chromosomeXII,27.33,006018F,22659
s05214:1115005,chromosomeXII,27.33,Super-Scaffold_111,434021
s05214:1115005,chromosomeXII,27.33,Super-Scaffold_29,1670869
s05214:1190358,chromosomeXII,27.33,Super-Scaffold_111,515492
s05214:1190358,chromosomeXII,27.33,Super-Scaffold_29,1643827
s05214:1215853,chromosomeXII,27.55,Super-Scaffold_111,543863
s05214:1011668,chromosomeXII,28.2,Super-Scaffold_111,327807
s05214:1076425,chromosomeXII,28.64,Super-Scaffold_111,395893
s05214:1076425,chromosomeXII,28.64,006018F,27901
s05214:980760,chromosomeXII,28.64,Super-Scaffold_29,1832734
s05214:1041782,chromosomeXII,28.82,Super-Scaffold_111,363143
s05214:730604,chromosomeXII,29.27,Super-Scaffold_29,2038441
s05214:730604,chromosomeXII,29.27,Super-Scaffold_111,76520
s05214:755846,chromosomeXII,29.27,Super-Scaffold_111,102844
s05214:755846,chromosomeXII,29.27,Super-Scaffold_29,2027170
s05214:957480,chromosomeXII,29.27,Super-Scaffold_572,2990
s05214:957480,chromosomeXII,29.27,Super-Scaffold_111,271238
s05214:957480,chromosomeXII,29.27,008344F,12742
s05214:719029,chromosomeXII,30.25,Super-Scaffold_29,2049974
s05214:719029,chromosomeXII,30.25,Super-Scaffold_111,64985
s05214:719298,chromosomeXII,30.25,Super-Scaffold_29,2049705
s05214:719298,chromosomeXII,30.25,Super-Scaffold_111,65254
s05214:981075,chromosomeXII,33.36,Super-Scaffold_111,298361
s05214:981075,chromosomeXII,33.36,Super-Scaffold_29,1832419
s05214:755621,chromosomeXII,37.11,Super-Scaffold_111,102619
s05214:755621,chromosomeXII,37.11,Super-Scaffold_29,2027395
s05214:730219,chromosomeXII,38.13,Super-Scaffold_111,76139
s05214:864519,chromosomeXII,38.83,Super-Scaffold_111,186971
s05214:864519,chromosomeXII,38.83,Super-Scaffold_29,1947955
s05214:371683,chromosomeXII,39.18,Super-Scaffold_885,1069513
s05214:371707,chromosomeXII,39.18,Super-Scaffold_885,1069537
s05214:371707,chromosomeXII,39.18,Super-Scaffold_526,981564
s05214:42097,chromosomeXII,39.78,Super-Scaffold_885,706820
s05214:42097,chromosomeXII,39.78,Super-Scaffold_526,635128
s06906:282077,chromosomeXII,41.73,Super-Scaffold_526,198741
s06906:282077,chromosomeXII,41.73,Super-Scaffold_885,360026
s05214:231473,chromosomeXII,42.43,Super-Scaffold_885,933908
s05214:231473,chromosomeXII,42.43,001529F,98065
s06906:361175,chromosomeXII,42.43,Super-Scaffold_885,425745
s06906:361175,chromosomeXII,42.43,004409F,38967
s05214:611967,chromosomeXII,42.72,001787F,169807
s05214:283847,chromosomeXII,43.86,Super-Scaffold_885,964398
s05214:283847,chromosomeXII,43.86,001529F,67663
s05214:42557,chromosomeXII,44.24,Super-Scaffold_526,635590
s05214:42565,chromosomeXII,44.24,Super-Scaffold_526,635598
s06906:361646,chromosomeXII,45.41,004409F,38496
s06906:70919,chromosomeXII,51.59,Super-Scaffold_885,25038
s06906:70962,chromosomeXII,52.51,Super-Scaffold_526,16920
s06906:70963,chromosomeXII,52.51,Super-Scaffold_526,16921