s05214:1380239,chromosomeXII,22,Super-Scaffold_1951,421213
s05214:1380239,chromosomeXII,22,Super-Scaffold_44,750618
s05214:1273143,chromosomeXII,23.57,Super-Scaffold_1951,562608
s05214:1273143,chromosomeXII,23.57,Super-Scaffold_1951,688429
s05214:1427095,chromosomeXII,23.57,Super-Scaffold_44,789112
s05214:1373138,chromosomeXII,23.92,Super-Scaffold_1951,428323
s05214:1373138,chromosomeXII,23.92,Super-Scaffold_44,743513
s05214:1076455,chromosomeXII,27.33,Super-Scaffold_1951,834683
s05214:1076642,chromosomeXII,27.33,Super-Scaffold_1951,834496
s05214:1076642,chromosomeXII,27.33,Super-Scaffold_44,434210
s05214:1076643,chromosomeXII,27.33,Super-Scaffold_1951,834495
s05214:1081274,chromosomeXII,27.33,Super-Scaffold_1951,829864
s05214:1081652,chromosomeXII,27.33,Super-Scaffold_1951,829486
s05214:1081656,chromosomeXII,27.33,Super-Scaffold_1951,829482
s05214:1081665,chromosomeXII,27.33,Super-Scaffold_1951,829473
s05214:1115005,chromosomeXII,27.33,Super-Scaffold_1951,811949
s05214:1115005,chromosomeXII,27.33,Super-Scaffold_44,469628
s05214:1190358,chromosomeXII,27.33,Super-Scaffold_1951,778652
s05214:1190358,chromosomeXII,27.33,Super-Scaffold_44,495329
s05214:1215853,chromosomeXII,27.55,Super-Scaffold_1951,760739
s05214:1215853,chromosomeXII,27.55,Super-Scaffold_44,538771
s05214:1076425,chromosomeXII,28.64,Super-Scaffold_1951,834713
s05214:980760,chromosomeXII,28.64,Super-Scaffold_1951,952553
s05214:1041782,chromosomeXII,28.82,Super-Scaffold_44,327186
s05214:730604,chromosomeXII,29.27,Super-Scaffold_44,75450
s05214:755846,chromosomeXII,29.27,Super-Scaffold_44,101777
s05214:957480,chromosomeXII,29.27,Super-Scaffold_1951,980014
s05214:957480,chromosomeXII,29.27,Super-Scaffold_44,243919
s05214:719029,chromosomeXII,30.25,Super-Scaffold_44,63916
s05214:719298,chromosomeXII,30.25,Super-Scaffold_44,64185
s05214:981075,chromosomeXII,33.36,Super-Scaffold_1951,952237
s05214:981075,chromosomeXII,33.36,Super-Scaffold_44,261128
s05214:755621,chromosomeXII,37.11,Super-Scaffold_44,101552
s05214:232000,chromosomeXII,38.13,Super-Scaffold_44,1248100
s05214:232013,chromosomeXII,38.13,Super-Scaffold_44,1248113
s05214:232019,chromosomeXII,38.13,Super-Scaffold_44,1248119
s05214:730219,chromosomeXII,38.13,Super-Scaffold_44,75069
s05214:864519,chromosomeXII,38.83,Super-Scaffold_1951,1062478
s05214:864519,chromosomeXII,38.83,Super-Scaffold_44,178807
s05214:371683,chromosomeXII,39.18,Super-Scaffold_730,21613
s05214:371707,chromosomeXII,39.18,Super-Scaffold_730,21589
s05214:42097,chromosomeXII,39.78,003097F,59586
s06906:282077,chromosomeXII,41.73,Super-Scaffold_1022,790075
s06906:282077,chromosomeXII,41.73,001839F,26324
s05214:231473,chromosomeXII,42.43,Super-Scaffold_44,1247573
s05214:231473,chromosomeXII,42.43,Super-Scaffold_730,179803
s06906:361175,chromosomeXII,42.43,Super-Scaffold_1022,728830
s06906:361175,chromosomeXII,42.43,001839F,92011
s05214:611967,chromosomeXII,42.72,002893F,67170
s05214:283847,chromosomeXII,43.86,Super-Scaffold_730,126646
s05214:283847,chromosomeXII,43.86,Super-Scaffold_730,149315
s05214:283847,chromosomeXII,43.86,006625F,19483
s05214:283847,chromosomeXII,43.86,007880F,19673
s06906:361646,chromosomeXII,45.41,Super-Scaffold_1022,728364
s06906:70919,chromosomeXII,51.59,Super-Scaffold_730,987293
s06906:39459,chromosomeXII,52.51,Super-Scaffold_1022,1029569